,pca-cosine28,pca-cosine8,pca-cosine27,pca-cosine7,pca-cosine6,pca-cosine3,pca-cosine23,class
0,1.6189313573928295,1.7565238531362608,0.25967931337503414,0.721432955963432,-0.2601930961348272,-0.03316151257977616,-0.06778988899004641,1.0
1,1.39654889547637,1.9134220328393143,2.0408537879629165,0.10650232476231047,0.1630028612403509,0.14829169634021028,0.8784913138711082,1.0
2,1.7268088738803515,1.769583802280881,1.3004303804633421,1.4199602247662304,0.7249920244103409,0.09151734575402731,0.019084146555799514,1.0
3,1.0458425260819006,1.02559781211557,0.6261756975804468,0.8171546659049997,1.7026036040162311,0.5912837584639079,1.0543978210136415,1.0
4,1.9329053936778293,0.09467647082802215,0.1134792635933085,-0.23712767786104239,0.1492863088699528,0.5868919837413185,1.097415678146529,1.0
5,0.17558266655635602,0.09602154946566843,-0.18078345401128088,-0.4028183047283378,-0.40636383201209675,1.6922806511563038,1.9300587976220875,1.0
6,1.2591099595423794,1.1678418388563563,1.0895136382181834,0.87822404383078,1.0828451461259687,1.4520084554642745,0.14917741811584823,1.0
7,0.39895894816221517,0.8588657592658924,0.317493006182488,0.9013392870706882,0.36810981243729063,1.5574752332932502,1.2465628406924394,1.0
8,1.9317725199726397,1.8549248848016304,0.07183227105263125,-0.05720866582044043,0.16055290548920298,0.8860122156789616,1.0121796241565946,1.0
9,1.0888773609822309,1.294861959676602,0.14076506612416767,0.06536950735374503,1.3370213082829432,0.9315292380378439,1.4839541610860658,1.0
10,1.191257552635499,0.9285889534806482,0.744249835887004,0.4569004060454125,-0.1410988517779581,1.38142875201578,2.212852829935112,1.0
11,0.11151176017555142,-0.1824335547405352,2.3819201497413833,2.1719963339127526,0.45823847384773786,-0.03671530138025192,-0.12691017851315917,1.0
12,0.8455449383788252,0.9163299150653066,0.40650341404402757,0.38526086393145564,-0.1320583951500987,0.724731733176269,0.8238381825724175,0.0
13,-0.33745963326994277,-0.06948845695511308,-0.04574194825838934,-0.19830540549977638,1.3436648163806042,0.3185889977226931,0.37753107544770337,0.0
14,-0.8264149352175092,-0.6702019080098044,-0.8860884503672009,-0.6911775540846465,-0.6180029657635874,-1.7054515770490748,-1.648205072276606,0.0
15,1.758480431499795,2.170312461014173,0.9143937744796494,1.2957655471293381,0.48915492559244045,0.06741477396576959,-0.03356977372700601,1.0
16,1.5989451851259928,0.07090524988751173,1.6797187078666151,1.7222123871833248,1.5109193614881387,1.7141122628637304,0.056436492645135464,1.0
17,0.11992968642661145,1.999196930525879,0.09486730078371486,1.6109293990079123,0.05531655286069298,1.0883375708136083,1.708926556265248,1.0
18,0.7934669580165492,1.6864331008616928,0.9597398357141556,1.9262630543143322,0.5329949087403896,0.015665135163708432,-0.04872420493281737,1.0
19,1.4133506115057548,1.7173288881786588,0.03226233878821941,-0.02564176144926933,0.22519484323940342,1.3109265406489512,0.15226514018154386,1.0
20,1.1646484588754125,2.5671404499554535,0.617346610870205,1.41980696684218,1.1677573171416182,0.00795730135237882,-0.08695624175561045,1.0
21,0.9468735025432604,0.9528628454336574,0.10574541764607198,1.2715342771450322,1.4803220587311354,-0.06774668208408345,1.4989214622448128,1.0
22,1.2738959648501798,0.11422628392463409,0.2501561122694,0.051647791210781224,1.469640371167394,1.7578191281354458,0.12643785859046236,1.0
23,1.329439043734976,1.517620088505448,1.766996492399771,1.5085153317757225,1.585835984295811,1.5026071583303093,0.08593777561308255,1.0
24,1.3288549844204358,1.067222151541909,0.208778702560646,1.5472493438860075,1.2504638713561824,1.8964258537380827,0.08088459874745357,1.0
25,0.9054457610915656,0.910659087199479,1.8119946171309236,1.4657634271130122,0.7254004616220738,0.810965047149426,1.1599780989100574,1.0
26,-0.974388146549942,-0.2733674118853155,-1.080185006608811,-0.6855714341366329,-1.380261009456873,-0.04244735885792272,-0.47392327550997143,0.0
27,-0.959961360244759,-0.30552185814674526,-1.0762382848077083,-0.6621690411763853,-0.9556186316709628,0.8818273465139514,0.21881382858571952,1.0
28,2.042102238875762,0.9583456556890322,2.0970516657725065,1.1942511977048744,1.1893835122052003,0.5648389872178953,0.93330370269143,1.0
29,0.17898429539803137,-0.5698624463246241,0.06547756786678466,-0.6103438255192807,-0.8159599355984781,0.424632844762728,0.8203735398564969,1.0
30,0.8769706803665953,0.9740574495013847,1.4482997406226692,1.1899825703051288,1.076689255547644,-0.8034504041473587,-0.32330858153973985,1.0
31,0.9577467206993422,1.1433912971388478,1.1181169352925633,0.9770402159883467,1.4593222545977917,0.459304372467335,1.2426921175432772,1.0
32,1.0812608560162515,0.7582118549213598,1.162198422964079,0.6441778749811251,0.5626571338946927,0.3356777667697622,0.8299696985340821,1.0
33,-1.0346603116227993,-1.031765871581531,-0.8218871417078044,-0.7728774739643054,-0.6677523589642501,-0.21821751523713545,-1.7457147449074013,0.0
34,1.7885390322705672,1.6775533128371447,2.0410967094897186,1.5482869493239462,1.2411055886446174,0.42820089447778203,0.780062171396994,1.0
35,-0.732176979706865,-0.4422136558611198,0.9974593056067691,0.3660590276526994,0.06149805758144944,-0.5935317765113367,-0.21102262078623174,0.0
36,0.7093529421423804,0.07659363012854148,0.3019108032830344,-0.22115119093927713,-0.40101560678989834,0.6377713650055615,0.7643601977200218,0.0
37,-1.290101057719766,-1.0629848201665635,-1.2086663812952159,-1.0192414843079773,-1.2355682515209576,-0.6584739170740496,-0.6702221110872457,0.0
38,-0.4494735644371981,-0.9041556938443537,-0.8305893841132214,-1.0939091338713947,-1.0127292062635453,0.4096550454331872,0.24858193051931576,0.0
39,-1.099931576498673,-1.2690257684895356,-1.1913351444533904,-1.2973274277380047,-1.5636591501636405,-0.7285034289714634,-0.7715300884143298,0.0
40,0.6327162197709684,0.03293445015487006,0.4752088685837137,-0.04557938549385909,1.7257232063166654,0.04422192337782427,-0.023732076593122348,1.0
41,0.999861600861368,0.13927512365416128,0.648873655901496,-0.0600400469598827,-0.24834278838095247,1.4997416151669924,1.784795539374196,1.0
42,-0.9336981598996641,-0.7417149713367057,-1.1748829898222606,-0.9399334569148361,-1.253302008780003,-0.9482177832457251,-0.8824170670969069,0.0
43,1.9332060554883705,0.044501329018999725,1.5892907831448815,1.7645730580247456,1.365889158132509,0.07713628489040858,-0.06922551757744744,1.0
44,1.2118156962320392,1.621772465027727,0.912147795685459,1.3091449909884911,1.1250630389731422,0.9355393480670025,1.3313307229336744,1.0
45,-1.4127450632544065,-1.1013719077833903,-1.3318944752418012,-1.176080994487534,-1.2820649581913177,0.020842793518296376,-0.10701166666953102,0.0
46,-0.8208646843354377,-0.8479106078150281,-0.546879155938427,-0.6598065126666345,-0.6966417068130653,-1.5974162095178934,-1.4894199240126784,0.0
47,-1.0571699658828884,-0.8106034891260742,-1.125927048167709,-0.931745681548563,-0.23517861972461052,-1.2060018746012398,-1.1771310964524158,0.0
48,-1.025351035842244,-0.9583659965170575,-0.7386349891542503,-0.586340730262979,-0.03398172931339094,-1.8856120720131095,-1.6632538273947661,0.0
49,-0.6685090595740899,-0.5236500221017859,-0.36609383449093497,-0.055941587289615,0.011209233912737648,-1.4496788903303215,-1.3513811203156694,0.0
50,1.2145570965229433,1.2903297901502908,1.2752660994588956,1.168666796692573,1.0909899122013507,0.23220822235730482,1.1068662854659457,1.0
51,0.9663215205234786,0.1726621744042695,0.8008192711795314,1.2187337594875727,1.4047554063437961,0.9968604363560822,1.1286390063536598,1.0
52,-0.609649926217581,-0.74682644045302,-0.696409651818976,-0.7519504788414594,-0.2722692172498217,-1.6186938384132137,-1.5047556702771552,0.0
53,-0.7537990344395867,-0.6846836190334451,-0.6127608488593108,-0.6037163996884592,-1.4066202866123902,-0.9690873807706845,-1.06308746490782,0.0
54,0.9976543266826639,0.3400486076852288,-0.0904979748549648,-0.1651000882158835,1.2785144726341167,-1.61617928150207,-1.4810341313156365,0.0
55,-0.9327712663579811,-0.32422190616045876,-0.9562966172041953,-0.6188636250380019,-1.317140046421119,-0.07639197553353133,-0.4868503142357638,0.0
56,1.5009869489330554,2.150550347657228,0.6426940655185175,1.397713513841357,0.47292068329959913,-0.0121129187464534,-0.1217473061895933,1.0
57,-0.7901160232205846,-0.36849892874531376,-0.4732501064800824,0.3646342706595888,1.0785257479786892,-1.7206697855793815,-1.6318295442710493,0.0
58,0.8496878095085332,0.8099640500793663,0.7066406592706036,0.5864015967883465,1.2351485428241522,0.7293428729820853,1.2213458747334875,1.0
59,-0.6472971645361361,-1.0981283534114583,-0.6164416791912432,-1.2523888666674496,-1.2137514677380872,-0.6089562015939755,-0.28193565009924476,0.0
60,0.9973992774640899,1.3127379473577787,0.6205687194782342,0.9166087617173186,-0.006581898440554179,1.7743035153983553,1.818550024725551,1.0
61,-0.3404845752562909,1.3435255439248845,-0.8212086147611243,0.29813999114640977,0.432926447444711,0.45387921341137394,0.049578748545850454,0.0
62,-1.0347739517477246,-1.5248864326320846,-0.7158138979570694,-1.3570797157963304,0.5990557348190234,0.21472541820085245,0.04400771401795295,0.0
63,-0.6675885186644454,-0.5132382840264443,-0.20659806729396518,-0.2889633431755578,0.2547674299293272,-0.7917073662132004,-0.5585521450615418,0.0
64,1.2059087497259005,1.3168082729204156,1.577489487826048,1.2138665787338532,1.571714456022518,0.42546982233154107,0.4720817778776198,0.0
65,-0.5078846550870371,-0.8756108995720553,0.19300134371266398,-0.4742295316132547,-0.557829674811481,-0.6284830933879738,-0.3434633453845559,0.0
66,1.1692154630412783,2.267304977757578,0.8480809787727035,1.79158165545806,0.6294066377978478,0.05948345080587558,-0.010925191948848667,1.0
67,0.5771377923184166,0.7130383921195222,0.851738312340904,1.2413418479715561,0.4318006219412525,0.9328894375254948,1.0105941562860428,1.0
68,1.4020278801422377,1.9229359475629704,0.11667347538775263,1.8075420303459566,0.9176156597480619,0.04775053760063441,-0.06902188445064382,1.0
69,0.5759293391952177,0.27537106420244173,0.506515500740211,0.19905354951193943,0.4712876463168175,-0.22795496050061115,-0.029169564171302606,0.0
70,0.6991625800994352,1.218071843600053,0.4128557468362327,0.8478695180257352,1.0188543710537612,0.8990074951139468,0.9798863118823741,0.0
71,-0.5019451894598986,-0.12804741140072978,-0.7590477479832514,-0.5698583082196204,-0.09208308941729293,1.0951219805588772,0.8127971311035576,0.0
72,0.8310651335645147,1.5811828779101857,0.649110149460461,1.2130217969639294,0.4940803177096088,1.3384226093904985,0.9679247262543185,1.0
73,-0.12144772755835011,-0.32063990808788334,-0.4871767624892033,-0.5062996467342671,-0.9930958511349145,0.20631319789466596,0.772245517707002,0.0
74,-0.4756308868175479,-0.3172264061910371,-0.7536411228347586,-0.5870400564911007,-0.3613922073381013,0.7013587862827788,0.7481421498328704,0.0
75,1.5194875727974768,0.06756286200904871,1.5727619245987081,0.08493482199334812,1.4432080885425589,1.1752681536094989,1.4895744500397838,1.0
76,0.9384818858214528,1.7824155455911255,1.2361054520169508,1.714289396956151,1.0640425375942435,0.059688638526742,-0.0071897380880133754,1.0
77,-1.0405172745245777,-0.3491084706030436,-1.4053798054729039,-0.9256265862858886,-0.5990681445735582,-0.5052864685228045,-0.7695209591628033,0.0
78,-1.2481001712044884,-1.0108566134582493,-1.17429140504506,-1.062791458258331,-0.8728849439151396,-1.4033966431920435,-1.339270477177674,0.0
79,-0.4331527117498936,-0.18662141140515098,-0.23782912618986451,-0.5148746908426568,-0.5170236474092321,-0.8800221156960599,-0.7717520631628052,0.0
80,1.1015673596772202,1.1000452121554698,0.9348703815913499,0.9164892200846921,0.9082932798854584,0.9862505588748569,1.110331083317342,1.0
81,0.5397417858118165,0.6425505142018431,0.8782444582741817,0.8383430162702291,0.01639421667309582,0.6719084146120511,1.3282608353320344,1.0
82,-1.1955577403773183,-1.0463537640512492,-1.1284244329043824,-1.044310722550773,-0.285625525441388,0.050594212923364884,-0.0701833037367337,0.0
83,-0.607131663771417,-0.758565366911626,-0.7379341178694854,-0.8291557046321771,-1.4269430425181533,-0.4285185371552446,-0.4947414242251069,0.0
84,0.009108984396628383,-0.18399345875097606,0.4005380689920243,0.11833780806227498,0.3180992143501486,-1.5029206215734243,-1.3464689441058857,0.0
85,-1.1512711273422842,-0.8405860197269692,-0.8921163128322533,-0.5877423555066517,-0.02843156782918399,-1.1726198075273797,-1.1344051970795739,0.0
86,1.6591331232809179,0.002703759967574562,0.24524144374972986,-0.14271417059749758,0.2813204965295692,0.4729991019398032,1.0031377261163104,1.0
87,0.6152658312351902,0.16739869135546503,0.7591269270491317,0.4549528181004139,0.6520122480996194,-0.5313017495304273,-0.38236073126262865,0.0
88,-0.34510240651831753,-0.7305648942666916,-0.1383154750284144,-0.7290460974397388,-0.663596402365255,-0.3285783555729709,-0.45111563514064323,0.0
89,-0.21463888479520313,-0.7162125798776267,0.7798189611691513,-0.11726994186316864,-0.6059294661904234,-0.8069531406066938,-0.5766302299515137,0.0
90,-0.8238385428710784,-0.6802005294403807,-0.5494480286953012,-0.36730218362535993,-0.09160024157641122,-1.5251289163859472,-1.2644448070305276,0.0
91,0.2600889205511443,1.181948160309008,0.24576865114811103,1.1561741556459064,1.0445557085653283,0.08665007427819638,-0.10129844356100404,0.0
92,0.8081213949277162,1.669965975465152,-0.03829714625151098,-0.004201941707883683,-0.005206288697013478,1.0648565541670396,0.9107050195778443,0.0
93,-0.5170841285498333,-0.11103288030830304,-0.4350869672552002,0.1881920575535783,1.1291615526687386,-1.1240218077057904,-1.2983286055452894,0.0
94,0.028156620118085396,-0.4890012585590938,0.20858917233618715,-0.2876940678223353,-0.041129952208370346,-1.6371745922663679,-1.470647286003421,0.0
95,-0.591512452924658,-0.8601175255989502,-0.44925838949143615,-0.8288734305577871,-0.2574857911672639,-0.6513634588678945,-0.44404629369143195,0.0
96,-1.0254592082330785,-0.532765893859105,-0.4686244691847367,0.46697363088360394,0.5841728383978877,-1.7411266754607237,-1.63735061935942,0.0
97,1.5884458053597357,0.14171114483853003,1.499295325710721,0.028091695928874616,1.7726962547202487,1.2987365508192754,1.930677263143109,1.0
98,0.23697265308892212,0.8646533865858428,-0.006006097263686255,0.2787038075014688,-0.6111085905207767,0.1123669615052589,1.7590341920512333,1.0
99,-0.1819990684999597,-0.40646329476736975,-0.02509493263079171,-0.5279317230868499,-0.5695166681978713,-0.7579362535528531,-0.5690132648786397,0.0
100,1.2215345371106012,2.2369929599377754,0.9804803912642021,2.0340615573935863,0.7954587294751922,0.07466047911348972,-0.0028841676617591405,1.0
101,0.5323915979114955,1.1991629164789428,0.4348888803306793,0.8644768961662952,0.7144710284920226,1.1059846962635511,0.8951517147577235,0.0
102,-0.11532656903315236,-0.200861886352607,0.8850491559974651,0.5500915330642168,-0.32990096705374816,0.2753573478058819,0.03862106496587869,0.0
103,-0.9765371585886158,-1.0788026265017363,-1.0171967891963438,-1.1622140544547968,-0.9554022534339026,0.6030631827136067,0.6392298984508341,0.0
104,0.756569948015921,0.04157541043037033,1.2463020517293448,0.10074540269753474,-0.08023492511961228,0.5966943217825476,1.393236562307913,1.0
105,0.4808873345148469,1.1167104112121402,0.9351828542789746,1.0645054964931415,-0.15846700036943795,-0.022563021386586862,-0.083988619140414,1.0
106,0.7494334148541716,1.944815391792561,0.1985441038853034,1.1934888391882505,0.18894753012524712,1.3079890669503418,0.9752454225092895,0.0
107,1.2087834006150087,0.01822827909292199,0.20821403517382542,0.010812856620242228,1.8231950075930432,0.1648456461714532,0.02176701980496508,1.0
108,-0.2591036879142643,-0.1602695415479391,-0.7026436507415472,-0.657116107373245,0.27236217566127885,-0.2884182886731835,-0.11160470759056951,0.0
109,1.0236089352264481,1.6892973992124496,1.115148896651899,1.6302476426073316,0.9187109906040185,1.5353299732475056,1.9284327929131302,1.0
110,0.8435853902207737,0.9929303557837513,0.7929222009182815,1.0180055192271658,1.1014736381654489,1.8338503750771955,2.247017454903986,1.0
111,0.7132196401284492,1.1269656390882095,-0.072805038947787,0.3959757714537126,0.24871445427438757,1.6232421203973604,1.5186522209871332,0.0
112,0.9195483425547804,1.606966627648554,1.410670361023525,1.5609028167508705,0.30394336019320145,0.041370264548902136,0.044917952301024605,1.0
113,-0.0729070452504892,-0.3696674283992138,0.2067204243300729,-0.2769706736552752,-1.2030667215104573,0.0534502901651448,0.09854022657026268,1.0
114,-0.5465179361773881,-0.43981277657051054,-0.7460961247741635,-0.5904126114861603,-0.846537231800217,-0.6404698193263751,-0.4103815263616778,0.0
115,-0.49217245376839747,-0.40187686168049463,-0.6725681915377058,-0.7160002841811733,-0.7625852241640136,-1.068436823912202,-1.1077784912419744,0.0
116,1.1014209273316422,1.9350421249604417,0.8920670106839512,1.7759577224113146,1.1093988563905237,1.0968465931600486,1.6442744234881324,1.0
117,-0.2387176440753072,0.5976064408948243,-0.7862175198593063,-0.21348151892229777,0.7495175611461421,-0.8224999000554007,-1.0346003187498278,0.0
118,-1.4251795180876141,-1.2173447504968538,-1.2277902462286356,-1.1078987729191483,-1.0810301455313183,-1.37108622378252,-1.3143605375417053,0.0
119,0.721683130454431,1.4002853195977725,0.7717879521555462,1.1270715306513632,0.9433417826381426,2.326187410371089,2.3239570216706262,1.0
120,-0.9079527338337657,-0.9523464405494486,-1.272998388510055,-1.2463388247133167,0.18250495546968148,-1.0992199896762216,-0.9708298952587427,0.0
121,0.09992713563736447,-0.19621394788753316,0.07226622291932472,-0.23314237134068544,0.2656362411004969,0.16432361670083925,0.47624681219586296,0.0
122,-1.3371525599290237,-1.254182612362087,-0.9278427889396464,-0.9238915096508864,-1.2304626608819944,-1.26010802215452,-1.0694786573713102,0.0
123,-0.5934292515680526,-0.23437992304640287,-0.8779839602623816,-0.4963753155622968,1.2563492523218633,-0.4520689836192455,-0.4208543195228475,0.0
124,1.3955700840089191,1.4060718837534316,1.4859065428715037,0.11112220962994779,0.25985204083891345,-0.19640400956379078,0.05331667565183043,1.0
125,-0.015921472697597916,0.11802979029219957,0.3919274425698467,0.7851875813721322,0.743153442006493,1.216051469137175,1.025831657175009,0.0
126,1.4458088448064577,1.2477259361481223,1.1131067222326938,0.9153287558819487,0.7034331659100426,1.29590183063491,1.4130766422063281,0.0
127,-0.7786922669721104,-0.9291227327483504,-0.3997587194773826,-0.7002255135904152,-0.8242412375556161,0.455649475098845,0.36813993006472817,0.0
128,-0.5986502088778087,-0.32837900923759133,-0.9244877555336732,-0.6220278900926929,-0.3357983589671542,0.16574189515438872,-0.02941258768696367,0.0
129,-0.3610957663280707,-0.4292323694271112,-0.08272838149687822,1.1263366908019423,0.8003051014323337,-1.2541158832315014,-1.7671158349105844,0.0
130,-0.8661353979079109,-0.7255390396226252,-1.0055525076248157,-0.8932519723949278,-1.0213195997443894,-0.905545932899176,-1.0143943785463123,0.0
131,0.14417673255139307,0.2237329640412669,1.169684477853511,1.3036062894705354,0.07506607182571012,0.4931492092464821,0.6432727706343006,0.0
132,-0.7020223309410047,-0.950869631355135,-0.25487703377130816,-0.86865834624185,-1.0977369787337599,-0.6562939776890221,-0.6596044169593382,0.0
133,0.006749084140187753,-0.11369383016692802,-0.03039186139752037,-0.058490382938619995,-0.2699176599146071,1.8517512128193145,1.7044728655712011,0.0
134,-0.7657180599172626,-0.8023344617363249,-1.0623789049085628,-1.114527984327558,-1.2447247174544391,-0.5681393688381368,-0.6400362680266494,0.0
135,-1.1762231673642112,-1.211874919601179,-1.3403116054997803,-1.2812153723538187,-1.4719603803305399,-1.071521336063181,-0.9031996384099898,0.0
136,-0.0793132916375964,0.27525802577510905,0.10473482025299885,0.4030588720189863,0.8158572244720398,-0.3242220737098388,-0.10717412039696929,0.0
137,-0.2543930943873496,-0.15568436260170607,-0.13303735108962123,-0.017746491251521168,0.49872781972760594,-0.20654453090297384,-0.2977620730714503,0.0
138,-0.013271880941304187,-0.23325170670199458,1.4509226196408413,1.7608621425108166,0.7708154843488325,-0.11917437091160743,-0.20834433334646105,1.0
139,-0.6664036443372273,-0.5117186913481062,-0.813308303386133,-0.7476697071106227,-0.9839187268472775,0.965364934210178,0.6409533711857873,0.0
140,-0.8822362042206883,-0.7677620084515093,-0.6783477110740951,-0.7475720428575311,-0.8532538355620991,-1.0051672032090093,-1.1103797746798043,0.0
141,1.0223657847650527,1.4873902780858352,0.3322635174514251,0.8163996522990686,0.26778944667436977,2.3381149782883304,0.04959193207826276,1.0
142,1.1529825138252292,-0.0736583888554006,1.6294449243012672,0.06312805009754752,1.6427254871386263,0.05286749914905625,-0.03656146709698321,1.0
143,-0.21549572960751157,0.2337214140205487,-1.0338987254098337,-0.7501308265201512,-0.29511809751088797,1.3717876230606734,1.0525210396203573,0.0
144,-0.17747516238968944,0.09632633619691641,-0.7564135874319599,-0.5492499491475796,-0.6139398649391997,-0.3285016937793517,-0.3655370632499544,0.0
145,0.43752739312560746,0.18339092692515843,0.42551356556697795,0.15293530897979143,-0.6310188598458433,0.5323231266152629,1.8105814949001122,1.0
146,1.1419684711129872,0.058575457502530376,0.2023451610763214,-0.06388079278462577,1.4521181225420634,1.3600334835322256,1.6442050093884606,1.0
147,-1.046556234421476,-0.44275500487807345,-1.0985847948272105,-0.7507907258182438,-0.7804466940733484,-0.9780310924310363,-1.1909097804296955,0.0
148,-1.554156980567273,-1.376579388550553,-1.3732278542484952,-1.2296967678015778,-1.1448865705582785,-1.0919415387219904,-1.104493003768797,0.0
149,-1.3073729811267807,-1.0899624143309121,-1.0873384063711702,-0.9718385719046021,-0.9293064899418909,-1.573069229781465,-1.5386289955454118,0.0
150,-0.06524826412017579,0.06550777304936724,0.9499519831925014,1.6242960604023648,1.0514361838674557,-1.6003070623453275,-1.3495740508828702,0.0
151,1.3654819997015624,0.10080634314373066,0.17784893744776714,-0.041953177774291195,1.397573186181741,1.5152916154745644,1.4313604533450428,1.0
152,-1.1928753271521773,-0.9790165903328298,-1.0909343925185018,-0.9748494614562717,-1.5128197069251386,-0.015370649500537514,-0.18174383495881186,0.0
153,-1.1220146531611244,-1.0006520275388644,-1.3024861794486797,-1.2194069078735716,-1.454854935515442,-0.10802526076922969,-0.34264617956926596,0.0
154,1.0755667868112027,0.7950911964095805,0.7480069313571641,0.31783373284742616,0.19843903218078385,1.605664580246783,1.7398366261687763,1.0
155,-0.7899355233065051,-0.5618373360016635,-0.3482110752137671,-0.004358779638899468,-0.17398735696323783,-0.9246245001705297,-0.9951516169505883,0.0
156,0.5370188435875324,0.07973024124388124,0.9968199791326995,0.10701626852964224,0.4931563731622552,1.1804119319803048,1.2644000534804967,1.0
157,-1.4047957350432296,-1.1511264406368213,-1.3222666176187408,-1.1424110755896826,-1.071746871942037,-1.2871440517557104,-0.951198722240751,0.0
158,0.9141652522693752,0.8998345552115967,0.9907414363237899,0.5757180972370048,-0.1069610196520685,-0.04372437016016134,-0.13551188867716818,1.0
159,0.0014082865732021332,-0.2424228883865457,-0.6711980584240875,-0.7736168665705057,-1.2191098611125293,-0.9504654498353223,-0.8290425836642221,0.0
160,-1.0571275183345477,-0.9123304312731473,-0.9559763271682196,-0.904735214033456,-1.1086686629962244,-0.6509974300793953,-0.9141408594884544,0.0
161,-1.2510381724269986,-1.030297086858325,-0.6983349689799012,-0.6293736711590394,-0.749931307899947,-0.44906022787971456,-0.5281905140259697,0.0
162,-1.1508764655247883,-0.4074313902743638,-1.280907139222426,-0.720446906521623,-0.777923010680376,-0.14168158871665515,-0.2695763874991267,0.0
163,-1.529417798384838,-1.2974170987274614,-1.2973085570773337,-1.1337100543752376,-1.4567723715960512,-1.3943897089733528,-1.504648735225527,0.0
164,0.8290104220657071,0.6155877434195074,1.4060720009508767,1.0926010135945043,1.2868107188304103,0.046663861840973264,0.6341207031778582,1.0
165,1.0673561839274646,-0.056322715126110576,1.3536651214541107,-0.10577564798236216,0.08588052312507533,1.1909431298799809,1.3602669783662318,1.0
166,-0.6085610598307006,-0.7218258553238242,-0.425331453375861,-0.7107704200061227,-1.5158575714959182,0.007801156347985366,-0.13011154893215515,0.0
167,1.1079898397113959,1.34515107714322,1.2283145992099818,1.5747536048676998,1.106129101878889,0.7016418844673812,1.0646920514714349,1.0
168,-0.1896664491076216,0.9744026169778295,0.29996246131698745,1.1432679338849243,-0.23322810986738318,0.01834712099616695,1.7697479202275654,1.0
169,1.362717309865896,1.4070423881058391,1.3040586137989278,1.3041340294353077,1.5279062311322862,0.07455987520200319,-0.04779262992814785,1.0
170,1.3645084991036223,1.0735267940896167,1.8038970264057657,1.236235847004332,1.0047458727709009,1.0445405428663852,1.5082507031599455,1.0
171,0.32219944806877593,0.5391460696721875,-0.6927992593043566,-0.5523394631332696,-0.1485980998224507,-0.4287076977869276,0.12358068863222219,0.0
172,1.840833967581515,1.823364697899855,1.2471210038468994,1.2862432682176004,1.0414839153452462,0.05000091930070011,-0.03312473985838238,1.0
173,0.2803771758105992,0.43162826812258326,0.8045737450599573,0.9197928377169047,0.949265243247806,-0.051607111482437185,0.540863368155982,0.0
174,0.5913744264687104,0.3583900799248095,0.8670861935164472,0.45474844936330877,0.29537122238456703,1.1865652931622532,1.448735742326992,1.0
175,-0.8557809582410983,-0.6504146464742527,-1.073305471291334,-0.9056350099702142,-0.4783384031388681,-1.576883594642035,-1.615736402215328,0.0
176,0.2480513214968592,0.8249268796553162,-0.0913197176612283,0.34107504768187835,-0.3932553785464937,2.202314852744035,0.03448038399531037,1.0
177,0.5162869697198114,1.045475580702484,0.9832248901433637,0.9694255821049133,1.882403747752171,0.46100983318131317,0.6054059748861587,0.0
178,0.10123622700119872,-0.04924936111642032,0.4836982824842364,0.054264073489143305,-0.5611171615067668,1.0485290550881166,1.1500402453861285,0.0
179,-1.070107155040489,-1.5843011382466132,-0.7614497146886068,-1.3191607147412043,-1.066396863796915,-1.0359880292457304,-0.8792192008750308,0.0
180,1.014810605201423,0.9642744258659248,0.9081095157413024,0.9112690030297077,0.9941485579420546,0.6557394766995776,1.004110385090075,1.0
181,1.2213826530295897,0.9821323908477873,1.6087731107661463,0.9971727009756957,1.6498510811003215,0.6938526038368475,0.8673771639487677,1.0
182,0.4149087198378931,-0.15740986634072135,0.678678539732759,0.32212056652620025,0.9003129305788191,-0.5059227187846147,-0.40753636288680745,0.0
183,-1.21636594627422,-0.9767534952051825,-0.2754659308320322,-0.1428351106562956,-0.7642376834577636,-1.4224415912915533,-1.1057729820592717,0.0
184,1.4845942342054022,2.1139795634592815,1.211710297393691,1.6462657991444263,1.2877948204093,0.05105274983215413,-0.03207078551461984,1.0
185,1.2776616374637777,1.4411718874185966,1.590100778250375,1.5651581654126132,0.81238237026473,-0.019997455323291946,-0.10898549558313293,1.0
186,-0.3181746200054814,-0.3748412154083023,-0.170960587649023,-0.44662668128656213,-0.07477426013158872,0.4895142722227971,0.5409498564303107,0.0
187,0.10156112459637508,0.7321124226581,0.6029741077517315,0.7689203140713364,1.2630777539664038,0.7427765801017894,0.8621271713784172,0.0
188,-0.790248518000157,-0.6122980074037424,-0.9579924405397311,-0.857350219636277,-0.10143275940134067,-1.3269099139650016,-1.2702119061967054,0.0
189,0.916988341226789,1.293116183154291,1.2557570208317954,1.2140967669533143,0.9275609611014465,1.6242945665252102,1.5692423015825592,1.0
190,-0.2011056726354788,-0.6754804866828071,-0.3668276544987453,-0.8765504326431763,-1.77468619478497,0.3924679643232645,0.7335807202979512,0.0
191,0.23957209403129412,0.5412877174520828,-0.2936428068764196,0.037639756017395914,-0.2460249302955555,0.8415186811202362,1.2426848206361942,0.0
192,-1.0315209922636122,-0.980374741476086,-1.2865226631101052,-1.2060869543984096,-0.407863448237466,-1.282406704802964,-1.2262000906374302,0.0
193,0.8066966775028475,0.26652790722975117,1.0335909301842183,0.3015467058507776,0.7338072220603925,1.240008160238188,1.3883361898146929,0.0
194,0.4529064568564736,-0.6251346593792632,1.5901396662155487,0.07627707360908798,-0.22554142387197784,-0.0676979098936531,-0.0932069717483624,0.0
195,1.7560466166796864,1.6217156280607894,0.1642360475480828,-0.04289836430355676,0.3110649685463043,0.43947726323846653,0.9272764057304014,1.0
196,0.2571733977745097,-0.24980498705210816,1.6517549308869295,0.06541698783477085,1.6537828092366904,0.6024349955299758,-0.10545313232846291,1.0
197,-1.1488847671971505,-1.1101391947727128,-0.6278196808690684,-0.8143082515679783,-1.1972122778507372,-0.7486183826871646,-0.7070466834561032,0.0
198,-1.3168228105742896,-1.1231861932605378,-1.3205987960379137,-1.1675865712890108,-1.4251351641036898,-0.9065795892375533,-0.848032639400765,0.0
199,0.9672101193773348,1.9254074263185372,1.3496919138838974,2.116359267824006,0.5203944455263433,-0.010935961803345141,-0.0104269493224676,1.0
200,-0.7294471026423314,-0.8042040736824029,-0.9694583702308006,-0.946308043770197,-1.244768814026183,-1.6542178432711396,-1.5910394536217227,0.0
201,-0.3845274989351697,-0.7411130621858724,-1.0832363851981763,-1.1585634320240126,-0.642011494141359,0.790461590205715,0.5336221314569183,0.0
202,0.862098074504624,1.0862567222628559,0.905519656430634,0.8464008291937597,-0.041978672059574174,0.010965435290500453,-0.09531223831272218,1.0
203,-0.13382502032551613,0.4762812728113942,0.8112287646063149,1.2150461967360628,0.4340475374655571,0.8224928478354154,0.70864262926337,0.0
204,1.8732840562326247,-0.04156201413817165,1.2010712231179186,1.9691877932831667,1.4999364342108872,0.012398900459465956,-0.0968241166075324,1.0
205,-0.24195617062321845,0.16691643933079287,-0.5713838705668313,-0.36384852496543685,-0.9137108630592782,0.646771035326063,0.2895188689917086,0.0
206,-0.9952085286247286,-0.8778795913317082,-0.9388150497526448,-0.9542154062736428,-1.3661776798888736,-0.30862534820010146,-0.46648375153722044,0.0
207,0.3178558751000758,-0.08809992397139274,-0.04324671653164719,2.312292512176401,1.3555562350044692,-0.8490609245457731,-0.48669545347591936,0.0
208,-0.6545763816225227,-0.34527047644370196,-0.48567328309982905,-0.18540379681385222,-0.5696679294268251,0.5550179738387863,0.4619615054018237,0.0
209,-0.7676179706271447,-0.2890762806090812,-0.8321535339365113,-0.3785405374864059,-0.9608150245612038,-1.5632122209524266,-1.469442551424346,0.0
210,-0.8956075775594884,-0.9753720330558995,0.11861241474008642,-0.28090875225511414,-1.3044664486937876,0.15962551235346928,-0.22118142520193332,0.0
211,0.8832214528404146,0.3119106738496654,-0.03622335245278774,1.7588672088436468,1.3006685845994204,0.16988757238538038,0.7540081156037293,0.0
212,-0.6186699505625265,-0.7071268637124187,-0.6337366913008895,-0.7079242723584875,-0.42748001130298946,-1.0817536925496036,-0.891670154204258,0.0
213,-0.2627582501206932,-0.4613556756151762,-0.4474059223004202,-0.6698871267760899,-0.5141753005211926,-1.3713316442618382,-1.4024967397446504,0.0
214,-0.9361370401768742,-0.7879616132621724,-1.2170643537103742,-0.9723424080399425,-1.046581561363352,-0.909987788878336,-0.7507086052756992,0.0
215,1.541758753717832,2.0424287081944827,0.950946748028847,1.5431701030186942,0.511531482221673,1.4972783180805522,0.07027939311018762,1.0
216,1.57285803009866,1.8537852819941931,1.3731756218729159,1.6174877107437697,0.8444806778609895,0.03399757815417487,0.01930547582959083,1.0
217,0.8808816080647509,0.9345125142530196,0.9727436047974539,1.0476550385650134,1.2352999343277689,0.8042456137089526,1.0680637578092729,1.0
218,1.5797120858596805,1.7452550773072886,0.18106375009774825,0.012280928199819852,1.747944036900995,1.5753658534422812,1.886833315199072,1.0
219,1.3353036334910677,-0.022518943933816184,1.5363629787389175,2.3735337992787633,0.8337935209134955,0.07680716677146623,-0.06291857621972505,1.0
220,-0.17117545263947367,-0.17377420867512272,-0.599420708581479,-0.6332965712330036,-0.7954741108664027,1.5040719513763179,1.8038846738889496,1.0
221,-0.07811105362993254,-0.09410476898210945,0.1464557850170306,-0.17982462049608883,-0.6800503297880303,1.174268083770313,1.2811179685305414,1.0
222,1.5547536872713512,1.1086389511164343,1.123785412638927,0.7636543903379672,0.2453480016897349,2.0223533326427905,0.1432010037410247,1.0
223,1.3516557289643427,2.5503951573590875,1.1728192126512558,2.191455947506762,0.9033624685827247,0.018128443753230555,-0.06321023500722807,1.0
224,-0.309110752570194,-0.364235879041867,-0.07339279112482391,0.13667767441222956,0.8277055328635485,-1.1315721012366935,-0.933978834146677,0.0
225,-0.8351519475396063,-0.6991684240970272,-0.5250186161259796,-0.4951804906836867,-0.30046634677568096,0.572361890240277,0.5009929844855627,0.0
226,-0.7933744498056536,-0.7779795344682369,-0.08991668640519546,-0.420499562419149,-0.7944310033914961,0.06240385869394943,-0.13826055208736499,0.0
227,-0.20390713595170568,-0.23501078495485284,0.32634114142426934,0.6096635984851886,1.0311423311510515,-1.0504412479127003,-1.0526491177030455,0.0
228,-0.9467934246887932,-0.8882408062681291,-0.9780423432294881,-0.9451709986618357,-1.4151111848768791,0.5173231297787184,0.1617014931776367,0.0
229,-0.4154926494007637,-0.45427823325727384,-0.7258983980574021,-0.7686462947801755,-0.46645609406040356,-1.0403548418536972,-1.10446072327142,0.0
230,-1.0042810929831987,-0.9158415477886952,-1.2394951167300894,-1.1025222935020262,-1.0922050179223115,-1.6407251124938953,-1.491317345029825,0.0
231,0.3037146265549705,0.6256979292596248,0.005471348595528114,0.05895352573013404,-0.605485649932399,0.04414698247403907,-0.07295284950712044,1.0
232,-0.3481863215865638,1.4138266090772358,-1.0536252972893871,0.0020026644841732166,-0.540316878693422,-0.5946158286184289,-0.8132664585009485,0.0
233,-1.4075413299108552,-1.1285178463767749,-1.3363692344828177,-1.157482105585758,-1.2289529565381736,-0.7493992542306436,-0.8368385547921453,0.0
234,0.4747261200290763,1.0124084941750657,0.11182537894115863,0.476348290676556,-0.8803848305843595,0.15371018854884155,1.7995631404443213,1.0
235,-0.8791846110516248,-0.8666817156436519,-0.7597671018372085,-0.8456576242804621,-1.3644105604184937,0.32366982840109126,0.4520854407087355,0.0
236,0.01431137262554813,0.22230736341786067,-0.5888584651744942,-0.4011164998107827,-0.3488347672566443,0.8505885893149139,0.7041795992981748,0.0
237,-0.4637389334389941,-0.4568776134284991,-1.0639187419609768,-0.8777172720144146,-1.117551029475759,-0.6425032847663759,-0.3809060170554484,0.0
238,2.104848163551225,-0.0854727359835987,1.5921504973277072,0.02645657132295398,1.6170998779154182,0.12361341275650417,0.031022888427504336,1.0
239,1.283944577207115,0.09965123955261998,1.8085095712144759,-0.044824627928204186,0.28792516421341396,1.982134639485816,2.1345272073571673,1.0
240,-0.057739521319859544,-0.028015756001969747,0.8357473463740963,1.1158557889833616,0.21599636749188672,-0.002433186424157033,-0.062256917033416986,0.0
241,-1.6023421692775206,-1.2276930331671676,-1.4306489194151921,-1.2294156810396335,-1.3221379517289655,-0.22045208057007915,-0.42387059977210084,0.0
242,0.2779974085433992,0.09789351694326762,0.2833674956153075,0.2463136503705683,0.4488167326799463,-0.4385315680128058,-0.1261503514314802,0.0
243,-0.8563772689972863,-0.8998582984378171,-0.6293943244035524,-0.7757257753643017,-1.3251206337712378,-0.10439047464801676,-0.30882852741465977,0.0
244,-0.26470456171756307,0.749951367682385,-0.40465526673619234,0.7518451673329598,0.6899225630101502,-0.8648371310710185,-1.0406346954132408,0.0
245,-1.0467647195323484,-0.8575393869944803,-1.346185787585728,-1.1680549373232958,-1.4508792219026132,-1.1523292656812816,-1.134240680053094,0.0
246,0.14567543823841345,1.2191889215505887,0.24227196597254774,1.6092547979202663,1.833142898166799,0.922530953287326,0.628843035933826,0.0
247,1.2241870736988152,0.8999453220302732,0.06812824670971335,0.18155304636355185,0.581021823762705,1.658390822435602,1.4990455089118744,0.0
248,0.17019800461830914,0.0773992677858879,0.24058290828726608,0.13686700636812232,-0.10048559369922916,0.11853780891626853,-0.20670649562770266,0.0
249,-0.2853490966104101,-0.7139185267779045,-0.7280535542192608,-0.9798725146765548,-1.1948659050212571,-0.7488880656988037,-0.7144969604779169,0.0
250,-0.7867596266474187,-0.8350289954850912,-1.2792000846626443,-1.2433775378699803,-0.3022985086712343,-0.11313161606346422,-0.3125653066610772,0.0
251,-0.890848351481951,-0.713925293687316,-1.3343994963907289,-1.1932503367590743,-0.9349866437517799,0.45630031352973266,0.15399237175704422,0.0
252,-1.206843680162816,-0.8616478830225645,-1.1572550945660858,-0.9541085485806547,-1.107086569361269,-1.010466419063447,-1.1098542669890883,0.0
253,-0.889380585925949,-0.14431024057463626,-1.4569215406384701,-1.0447268293669252,-1.1923303294185879,-0.8635583047418101,-0.6317539839546965,1.0
254,-0.39690031762874445,-0.7530462249234887,-0.2775876354775736,-0.72094855356487,-0.9231543178087867,0.7815529814191747,0.9210025632881249,0.0
255,-1.4143521408792936,-0.8709278484953809,-1.3374817305713782,-0.9010618876942101,-0.7046169209695075,-1.415418675427317,-1.5914889269299448,0.0
256,-0.4327112581026443,-0.16993925112147687,-0.021242330280373395,0.3009024104667718,0.49233858257709706,-0.2136866215419875,-0.32297257694944687,0.0
257,-0.6316448803158168,-0.6420054396780405,-0.7659130183686802,-0.7147495582638276,-0.5621358674751062,-1.1256245614047569,-1.2625045062881997,0.0
258,-1.232042183108881,-1.2011405183404413,-0.8815660476384504,-0.8676782808928616,-0.5450033838854212,-1.0734147941311785,-0.9578511496391162,0.0
259,-0.9476736620437813,-0.896167052822455,-0.9441731955353192,-0.8586412809883621,-0.8379673682741189,-0.6687039536359954,-0.7127313401548114,0.0
260,-1.2948453954440726,-1.274692882972475,-1.338068731645473,-1.3086955897019148,-1.069155554580733,0.08275756664304146,-0.0421747594193837,0.0
261,-1.1837629832132572,-0.9434342776977698,-1.0128772105676043,-0.8726858290229206,-1.0963835095890646,-1.4073749260843162,-1.3656209878622383,0.0
262,-1.1335561126933342,-1.0224758100891111,-1.1526434432764388,-1.0482829247664922,-1.3181074511832387,0.14533248499342755,0.14122682078961396,0.0
263,-1.0660344915007305,-0.9274974822545049,-1.179096050888409,-1.078013518118972,-1.2769835534905578,-0.007232162108368079,0.06776937561411545,0.0
264,-0.8570181007916309,-0.9802390683806929,-0.9740708465363774,-0.9802986421209631,-1.0372874499253881,-0.675659221998176,-0.7536056947817338,0.0
265,-0.6569293507840013,-0.5318434771813813,-0.9360762736078891,-0.8250314873948029,-1.260301098223032,0.7126379105017676,0.6673239262889054,0.0
266,-0.3936279424784251,-0.5334621027434397,-0.2450971346421197,-0.5709569769941789,-0.29424381611855027,-0.02996575733194201,0.011681926844069795,0.0
267,-0.8418658691121184,-0.9726179859699184,-0.7862147173231275,-0.9296078412984636,-0.7783020524426054,-0.6757813819611287,-0.6653053391018137,0.0
268,-1.3484974874287958,-1.195640704909081,-1.228077853335282,-1.0811437845065144,-0.6697607702954669,-1.7698435739476297,-1.773839460907399,0.0
269,-1.1810517160285756,-1.0208010118539752,-1.1907769435192423,-1.0908460067479768,-1.257284673919083,-0.24002922862648934,-0.4157775612911563,0.0
270,-1.3598540212059604,-1.128257645458046,-1.1350643290435478,-1.0012331050649357,-1.4537233234291367,-0.4137113468975382,-0.6136746551919734,0.0
271,1.6280028483292805,2.1320268710716643,1.479921711992921,1.5650354605430228,0.861584067464817,0.07449225070764229,-0.016443314514222096,1.0
272,-1.292275148407006,-0.8580173897655204,-1.3240510528205696,-1.0538034168986956,-1.5239303003995777,-0.3631439925113896,-0.6627563828069007,0.0
273,-0.06441364276859288,0.21179771730548547,-0.08138256593526438,0.3103048234736864,0.6053465285712991,-1.3009808767538438,-1.38779889582936,0.0
274,0.6487681044828497,1.7865600809044868,0.3656045449704882,1.355576939302154,-0.1351233061445407,-0.02853164240501395,-0.09755389852507423,1.0
275,0.4482353048360558,0.07576728317162212,-0.11385143249320147,-0.5243801400648335,0.1610910809508374,0.12411556736395374,0.11347897229933271,0.0
276,-1.261272328222839,-1.2683830718199074,-1.0892717215406507,-1.4313910399269525,-1.0994819942739513,-0.5877406582860891,-0.19268941980504223,0.0
277,-1.1598847918434458,-0.8241353353828944,-1.1936063045211545,-0.9276334782053796,-0.6462660593428342,-0.12365513738538508,-0.3304263099217452,0.0
278,-0.7403987277065889,-0.30827357704358654,-1.0985602404520733,-0.9448736387823069,-1.075162232871127,0.6568548619248039,0.4706201158030587,0.0
279,-1.3379422433468755,-1.213331004736557,-1.3648150503658112,-1.2720255037493868,-1.4013057233939779,-0.5241626885246404,-0.6127810336392097,0.0
280,1.1157021623649266,1.718824018472262,1.0283676304832963,1.5906406101469868,1.105237098450498,1.6894981329167353,2.0051470732059347,1.0
281,0.526063089644122,1.655040372450208,0.7250277392569939,0.12090527523932737,1.0588943152155477,1.6832866620717013,1.458904381303276,1.0
282,1.4423377116655576,1.250121592257612,1.5543898196899475,1.0980470205111876,1.1662957389626054,1.5794475633318554,1.66990700903917,1.0
283,0.2519526588397769,-0.09542216356773636,1.1727530124072685,0.4540599320825168,0.8925309652052889,0.25153591161108085,0.5136304468701517,0.0
284,-1.4247171001457302,-1.2262664027740904,-1.506741473097118,-1.3223039607385203,-0.7070906932758729,-0.926658502327563,-1.0457169331623128,0.0
285,-1.5703914611462357,-1.4035691385273679,-1.532143497595729,-1.4056575669284448,-1.3513049287024992,-0.9406075513556874,-0.710923646666911,0.0
286,-1.1765515763084389,-1.1674473450820775,-1.2868258441043543,-1.2287037851796891,-1.4385516430656187,-0.38076885952328143,-0.5271792161879096,0.0
287,1.3257619431745469,0.05685167805652048,1.3679457893023117,1.8325582106662344,0.6488274012948195,2.0419667498801086,0.07922355275784831,1.0
288,-0.7220365954880912,-0.6185260080771317,-0.4482785694266842,-0.510026396689198,0.3279450130670105,0.11155046178787331,-0.3849682858101392,0.0
289,1.5106079250401359,0.9619893015831431,1.4353656847449865,0.9666636680646656,1.256040858246377,0.07538968139688595,-0.005379040726286671,1.0
290,-0.7992082341868931,-0.8785084856887222,-0.8969450300876182,-0.9281802423019343,-0.5219992390108066,-1.7750095987263708,-1.6229714088807938,0.0
291,2.1644336021579127,-0.07986497303369575,2.180138534646073,-0.013676949805726868,1.3884794934062388,0.1275202969254154,-0.022874151891759592,1.0
292,0.8959410598233681,0.5326106228918022,1.28603776865447,0.677935642317306,0.9354390345775683,1.015800533581533,1.2950449682007945,0.0
293,-0.2049821617722602,-0.349876725488906,1.1731553168259616,0.5163543713571683,0.262226866508232,-1.2982278615334595,-1.0740324951757152,0.0
294,0.12238791862466183,-0.023885122416859084,0.19698854625775952,-0.04985465200924011,0.1829113542275852,-0.9480434503916464,-0.9111974546973539,0.0
295,-0.40858617790625157,-0.07966656820535244,-0.7720876090125417,-0.4974358732440317,-0.3601563727572803,-0.584730473029743,-0.5279241168416375,0.0
296,-1.2058626513509563,-0.8346802289011214,-1.1190249518948636,-0.650995515123989,-0.04073512211599817,-1.5609106468736909,-1.6022851678142833,0.0
297,-1.2443024923873813,-1.5115225208743674,-1.5444827608753338,-1.6125244945165138,-1.2751719976231866,-0.6300287187819118,-0.5312915053172554,0.0
298,0.448892926367129,0.13621940155684042,0.12002110673990934,-0.21207931861261348,-0.25503148328404807,1.1158284345870142,1.4807222777356581,0.0
299,-0.6796109176290827,-0.5818988910981227,-0.8401740005740703,-0.8384729752468374,-0.8958370687455937,-0.7833072481951445,-0.8647099706255978,0.0
300,-0.9816840342776438,-0.8737372320095722,-1.4278810411608953,-1.249992778910797,0.9602051338930018,-0.5904959379954112,-0.7361743385096632,0.0
301,-1.2424924628125023,-1.0788927310596326,-1.3752281257213497,-1.2563108484374554,-1.5819657006102719,-0.7376488911450774,-0.6025344191676474,0.0
302,0.8999057956125399,1.1571293098952622,1.1874323368521045,1.1925741270918864,0.44299238558115983,1.1834146093792297,1.5275078966971503,1.0
303,-1.0053535423690534,-0.8435746856233298,-0.6469268701822006,-0.40139051702329803,-0.7365001442099859,-0.8704098207211994,-0.7439770496351144,0.0
304,-0.30843549632902256,0.46428906304478773,0.17235797345039366,1.1063371104980784,0.3369372548455092,-0.1415021558655531,-0.255292282139285,0.0
305,0.7210855912150933,1.0123501070951089,0.5691387593400192,0.9892174545947021,1.3769044408531554,0.3163713432666547,0.24541280417314257,0.0
306,-0.943466881817738,-0.6738528329877882,-1.27911504661633,-1.1481484611212682,-1.2110979320669708,0.5977858846524008,0.3975271150277906,0.0
307,-0.9670626646156759,-0.5337814485720984,-0.74037335463339,-0.3419805352456906,-0.31215900666473684,-1.8488524065363965,-1.5915938255271673,0.0
308,-0.8519302981946608,-0.7597959464193577,-0.6503986703660661,-0.6366857060100811,-0.6951708404132821,-1.4983256944529995,-0.9087986610822337,0.0
309,-1.265516979235629,-1.0005138158528448,-1.2207546918020526,-1.0642675303222526,-1.4571620157243237,-0.21988584297899472,-0.30205726405846656,0.0
310,-1.0846097206884808,-0.5624187926760124,-0.9012660776269581,-0.7591110561071694,-1.0008662429632342,0.39128478328610145,0.12717604780871672,0.0
311,-0.7450846106403167,-1.5192703421021696,-1.2327928375973514,-1.5516745285018965,-0.550804966581797,-0.11668921510535904,-0.5856587705301493,0.0
312,0.14754093822505254,0.701634048107858,-0.06790567582213786,0.137710259909321,0.0020338367775712962,2.0869987844809574,1.8007213065670966,0.0
313,-0.6547116179070004,-0.9835649499792094,-0.5989214849800071,-0.9858114346658398,-1.0806867871801025,0.28887293382895585,0.15356631955600802,0.0
314,1.720787504326398,2.3026074153624703,0.7441999745728881,1.3095104595024032,0.9091807279356527,0.013893102244185981,-0.11977716858994397,1.0
315,-0.35199991058689506,-1.1491940013347703,0.46038592258785793,-0.5852151074383785,-0.9585094146399586,-0.6015004336411025,0.24483656250692842,0.0
316,1.5090343653401508,2.3240295738881573,0.6738293248822973,1.5265839262334135,-0.05007953569850265,0.03485978601264424,-0.04722206311461774,1.0
317,1.6360195572268217,1.623021471095881,0.1501180991512564,0.0016668370516506048,1.3553052873685445,1.6543759352764846,1.8455214969611569,1.0
318,-0.2935268044386694,-0.2962530777616594,-0.4484062225055572,-0.5049811077087369,-0.5436610036322963,1.1595422940944635,0.8124614930689281,0.0
319,1.871367162231513,-0.10741244452880964,1.5968196323708312,-0.060212767475583684,2.113108093642865,0.04612068696471838,-0.020621093865614143,1.0
320,1.8535033035067028,-0.041748413530071526,1.741261485575497,2.1526728373854747,0.7208730528269757,0.04063710793658862,-0.11080365651458729,1.0
321,-0.5934143234406668,-0.6637149509463386,-0.5832203855610754,-0.8446423479225347,-0.800233594138652,0.5121056249674141,0.4942270981034806,0.0
322,0.5642237348079805,0.7930829081350516,0.19268674518082202,0.2999986196109016,1.298235036247059,1.6381723483273236,1.2333745636683446,0.0
323,0.6850858268630867,0.7668854683012574,-0.08747621213342147,-0.10045884758221107,1.7278547495004188,-0.9216047088556067,-0.9199430684958483,0.0
324,-0.7140535415477933,-0.9594130031962205,-0.8352987729192498,-1.0202310947613982,-1.22248481911805,0.28431552606306326,0.29724809321366463,0.0
325,0.18644344805990662,-0.3142323699627962,0.44932413215451883,-0.27694490471546446,-0.1963143241371868,0.478842666807032,0.35986965132837984,0.0
326,0.1284920639753665,1.329617474051033,-0.004479273185942785,-0.0416167467116918,0.035426623174904415,-0.6256868864760119,0.047131779751410585,1.0
327,0.5897641494538487,0.9329997424126515,0.18615123303606784,0.5526795753457101,0.7589450274207822,-0.8010927512537586,-0.4826508600802465,0.0
328,-0.7870557707795578,-0.7452152044265875,-0.5115562568680883,-0.6227162326372055,-0.5814333472984115,-1.1745288154244096,-1.0036443829320207,0.0
329,0.0644391917856435,-0.21835334240715706,0.5232644087636964,0.4839917347097351,0.43064104103078793,-0.3656943346160212,-0.4112184502445642,0.0
330,0.36265305496987155,-0.07948116192652283,1.23360633841943,0.31866801833165503,1.6513330762846292,-0.05914215412963805,0.3286146515394895,0.0
331,-0.11330977217221358,-0.3430567502045719,0.6784436250942978,-0.14089793584857696,-0.16056279345649171,0.30642078667765954,0.32632822660969213,0.0
332,0.6425584605574054,0.7758993690572378,0.4800712814016299,0.628957933967573,-0.39378885130427355,0.9669711308551001,0.7110739015775461,1.0
333,-0.2377683643236306,-0.43942205443090726,0.8041814837674014,0.28820369375125143,-0.26477629434884575,-0.41726734859360415,-0.40315497142251355,0.0
334,-1.053934687923991,-1.1741231741711866,-0.8204992902534315,-0.9648910730932896,-1.3236244846674672,0.48941146933060786,0.5165491222152692,0.0
335,-0.5134316795043271,-0.5065202409770961,0.7143339101555484,1.119388599695692,0.6965603359251886,-1.1279764213539538,-1.1502331940107853,0.0
336,-0.7137311998582575,-0.6995486673735823,-0.9024323605813976,-0.9251455802837,-0.4176105888400658,-1.383668503913474,-1.2504346233430481,0.0
337,-1.3880577516885886,-1.2118799273655358,-1.2367888695636104,-1.122879540251645,-0.35651673407102713,-1.7458918762694173,-1.4569367807421265,0.0
338,1.5360799130438347,0.06214444797747643,0.2673076045323519,-0.0023692694185798446,1.6154434691382726,1.240344042148226,0.033479031476193966,1.0
339,-0.7133614165601809,0.035608744201938325,-0.4594337542913386,-0.1725424737844402,0.40659290473869425,-0.4515307477566683,-0.30189709185968244,0.0
340,-0.46214413641096974,-0.08946018862000638,-0.9200857532117628,-0.7105538677263781,-1.0649348414211746,0.6536451330982698,0.3555286341316929,0.0
341,1.4214317762984106,1.3680199048038162,1.591591569738647,1.2013586896096464,1.2663375791544196,0.7639185065152281,0.6420579616947165,0.0
342,-0.33786639175691197,0.2747099270692912,-0.08641642682458905,0.37800871065948266,0.004292136534961077,-0.001527343356843791,-0.11949885921430739,0.0
343,-0.9138186321648234,-1.2253527677275613,-0.13679802029542917,-0.7843915494743743,-1.1646102497180153,-1.0397010804716909,-0.7926021584238047,0.0
344,-1.495153379487351,-1.3908364394566157,-0.9035117178032048,-1.26844545480138,-1.2691187800821822,-1.041397044341802,-0.7077412465294665,0.0
345,-0.6711748919732492,-0.860980581028538,-0.5536840067345092,-0.892836483724668,-1.2355776737929325,-0.6045618509923886,-0.3122967779136874,0.0
346,-0.61722213415814,-0.5916789660592227,-0.31911364837818523,-0.3630814671057586,-0.24661409721417893,0.08788417705480726,0.2348851875609456,0.0
347,-0.32821041210031277,-0.5051831436535651,-0.2270819879488316,-0.6203603981421891,-0.05775199626583771,0.04779216184280399,-0.1724087465941377,0.0
348,-1.0410595501143685,-0.7134326631592085,-1.1928492186589912,-0.9210576385472102,-1.2550152786427906,-0.35561506447382496,-0.5422690336814197,0.0
349,-0.43889190690531565,-0.22673988110950102,-0.48547284295102267,-0.20774936457048804,-0.333580139578722,-0.9851730876421008,-0.6846082125953785,0.0
350,0.3344383967875105,0.533232517684389,0.2116989128329735,0.05766163706437594,-0.03300345072478872,1.69608194647698,1.5312591057083653,0.0
351,-0.6573318164902795,-0.5275647293020725,-0.11405281629894137,0.196778490336613,-0.15949883548765806,0.07274188367820483,0.025862503320076363,0.0
352,1.6695516957597325,-0.025328494079886715,1.143256767861704,1.408475530917677,1.4580973152458483,0.11017628215903202,-0.025069956740233573,1.0
353,-0.10011334090106863,-0.2610125950137011,-0.5193858465258434,-0.5648774571162524,-0.6385228988279797,-0.3261838257503166,-0.15686546003229396,0.0
354,-0.2293223541043565,-0.6096313343441535,-0.2155937018036787,-0.7037116050117814,-1.0733237325611205,-0.8488658812523302,-0.4966167025120247,0.0
355,-0.6328819268472305,-0.5278554837701247,-0.9344722054733647,-0.8018418453567115,-0.4315645327997042,-1.2469359187373343,-1.0544856547874417,0.0
356,-1.0416446863364694,-0.940497438755788,-0.18569969796357647,-0.38740665714523714,-0.57109099596376,-1.4181599936682487,-1.3328359100117273,0.0
357,0.6931201766025964,0.3777906353261978,0.8739210815536902,0.4349215534375903,0.5863459700612992,1.2122497567268178,1.1725936801463743,0.0
358,-0.231559337063017,-0.07005343722133625,-0.22595710654810802,-0.07370077399706715,-0.8435286119373837,1.0941895872181235,1.1631087273478404,1.0
359,-0.44726388114795534,-0.70621054535607,-0.8896353529016333,-1.0652862153191938,-0.09230278181538265,-0.7144708959712702,-0.7008852337873989,0.0
360,-0.9681322550567784,-0.8321082804129358,-0.9285059425907844,-0.8047052181359097,-0.6090458420065354,-1.572957765343392,-1.3044005347733258,0.0
361,1.5083489813070212,1.6410095443066264,1.2920396047581835,1.6288342957241086,1.6041048411065597,1.2337901166241059,0.11353654020778584,1.0
362,-0.5267596960848064,-0.6109141276732842,-0.9663080445441941,-1.0409305709233627,-1.0257168673246682,-0.18567889049403288,-0.35003164396405534,0.0
363,-1.0652735933088051,-0.9555715952036657,-1.2384539504821064,-1.088653858612723,-0.8607228496782542,-0.9130498720723706,-0.8710504596231482,0.0
364,-0.7490795449108194,-1.1496819161526055,0.4802318002519404,-0.02928916940935211,-0.3209486589469327,-0.9150964015167982,-0.5322513442936591,0.0
365,0.3180956105896313,1.1230226073392175,0.7837935967607035,1.5927465890082395,0.1248456444742803,0.9869698721154971,1.1081480590672232,0.0
366,0.35276714723147756,0.661691313688773,0.2937434900885893,0.5333697315343219,1.225982656681244,-0.9019871537233436,-0.9895618037942664,0.0
367,1.0280271279070599,0.8818124744164516,1.569858425249675,1.2596353802590174,1.105141572731069,0.7355367476469004,0.8064986456678385,0.0
368,-0.9561233281525295,-0.6633949174261297,-1.2435896973468952,-1.0578617093298073,-0.17964694971631356,-1.5885476475077893,-1.2702698121473062,0.0
369,-1.235885531107807,-1.1050577249763567,-1.205819542454437,-1.1173410907806525,-1.1982410553410812,-1.3026900855161514,-1.233733912796341,0.0
370,-0.0063129347618897935,-0.3452948387202821,0.6071865548910764,0.18927049728167633,0.5291508458339926,-1.0067431448816238,-0.6189744792890158,0.0
371,-0.5894317727454016,-1.062836999074407,-0.17263577908379285,-0.6191048065013307,-0.9723926920075295,-1.3828511248876727,-0.7356049318604508,0.0
372,-1.1768083106469305,-0.9103353165827636,-1.1465757490350184,-1.0084193140190518,-1.3887098119508843,-0.9499346724039626,-1.1103336311369973,0.0
373,-1.2134155803108029,-0.7682086044710391,-1.2832300367877103,-1.0580979181793806,-1.3317061947993492,-0.13571222690224882,-0.2511103190767472,0.0
374,-0.0010027537263663949,-0.08928367026049583,-0.11591060921734528,-0.252500873262652,0.002996235945089021,1.5515437489646569,2.0141753048276945,1.0
375,-0.27221626844623653,-0.13161115248118935,0.3261849569624743,0.5640908582296271,1.3463775620766756,-0.0966087297444605,-0.21815458275994856,0.0
376,1.7144949251729582,-0.07115973039219314,1.789883781909606,0.022325860692128607,1.4670834039256877,0.09073705210494643,0.018835018241362828,1.0
377,1.3003339342835605,1.7839564311869542,1.191056082476781,0.17554236179525362,1.3135733303345458,0.10498579516725548,0.030209493992749165,1.0
378,-0.3686523112503426,-0.23663040533764657,-0.6523716979308161,-0.6606360614879354,-0.6262583894837865,1.4022737324584849,0.9997999152116053,0.0
379,1.54477268064886,1.399176990777312,1.5549669674614104,1.352833403718863,0.8700869162472581,0.8289701959317257,1.4474253386304623,1.0
380,-0.9006819634724965,-0.8062781108418965,-1.3480620870871003,-1.3032239690582903,-0.41605933025554864,0.08549269942424004,0.27292753575239204,0.0
381,-0.5373790490885962,-0.22266713582764408,-0.8050674043398844,-0.6284247609814436,-0.9756479519550882,0.8321140509408035,0.8009513678522343,0.0
382,-0.7880908698036031,-0.47097751064318283,-1.2064302531542728,-1.041155185622467,-0.8479674253431061,0.5918850562691828,0.6479614431847398,0.0
383,-0.49062813309508,-0.46437373815956,-1.0826510041788744,-0.9688484431166546,-1.059061992570991,0.5551222101167046,0.2820603520528329,0.0
384,0.8198293267813611,0.0019320006083096697,1.6145949490604525,0.76595526248508,0.6177714459375219,-0.8023078760988877,-0.2595141740235135,0.0
385,1.019867080699444,0.6340091625752606,1.4150840526093937,1.0956326664668086,0.5228768984925986,1.5251563819466059,0.09619576434910848,1.0
386,-1.1142346665195504,-1.0612659737145558,-1.1791986399145367,-1.1339796327985538,-0.7347530225935123,0.4616309820914464,0.3669094294309644,0.0
387,-1.4245562696142366,-1.077803193341987,-1.2024368599698376,-0.9406783595191743,-1.2897839602274936,-1.3051382335647792,-1.4526858831925318,0.0
388,1.0475255098163394,1.2432942274090322,1.6897262831057478,1.3531183893755685,1.0520614332326927,-0.05050473173022446,-0.17753043627107234,1.0
389,0.39081654389920273,0.43888298250219926,-0.22433012423189116,-0.04284627015824116,0.3083305490213696,-0.4403285967042615,-0.6070115502740558,0.0
390,1.9342641059472196,2.1581539652220263,0.09339937781152896,0.01674062483454586,1.4318040108650105,0.11483779924985742,-0.0015372094614492376,1.0
391,-0.14533176962306082,-0.3739794941309733,0.0495620359780522,-0.3006285461057283,0.008919152825273322,1.2610092929266439,1.1056327144212155,0.0
392,0.09359352827593492,-0.0565614116099072,1.3756725510090768,0.907203962971502,-0.23032340177087085,1.118037079114673,1.220197249808625,0.0
393,1.9331872164948973,0.025412278345836897,1.7878985901438955,2.0874756615192185,0.9618400437705309,0.0540521528900863,-0.08504769132446213,1.0
394,-0.22345035365664775,-0.4373288570034218,0.8216938462260266,0.7176987687554538,0.5080247908460461,-0.5420750867747528,-0.6857381863963431,0.0
395,0.8826277216047848,-0.11954468381222426,1.1952429063924008,-0.011717489703465978,0.34714786412566445,0.12719308261206347,0.03420003639426217,1.0
396,-0.7037468818282381,-0.7867064634208566,-0.23357413225409304,-0.49572187673058765,-0.8098830900159023,-0.6129212001981308,-0.6142757913275794,0.0
397,0.2363338194982004,1.5917792171581606,-0.47431884133704516,0.37377199905433356,0.14710040953604286,1.1892645587868964,0.9654147075605899,0.0
398,-0.16463343847361522,-0.6163332761104923,-0.23830665125852743,-0.7992525377658948,-1.1688353131109426,-0.16213750391128984,0.001044994652922987,0.0
399,-0.5981198534647331,-0.15882071297882913,-1.2545887463726242,-0.9437507844728878,-0.6662924524253511,0.4083655741886616,0.40156565006891143,0.0
400,-0.7420337590094985,-0.7922340135141962,0.8988220769793477,0.606955153977701,-0.0607817715662225,-0.9326082583468209,-0.63095719236058,0.0
401,-0.7002037870655861,-0.6015181550944189,-0.5226971469333315,-0.6999362929971531,-1.1341221789836395,0.21210268869889382,-0.0034664839297817718,0.0
402,-0.7568883261108809,-0.7375941926447085,-1.1238778671358367,-1.0621355516765982,-1.1138671647912695,0.0601299945945476,-0.05020575212493705,0.0
403,-0.8361703953151112,-0.8805698436501752,-0.8044163280621608,-0.8127893570867412,-1.0165883484414093,-1.401780849757803,-1.3205451673304869,0.0
404,1.136686881324981,1.216899762246389,0.6078991473789919,1.0099515752160149,0.7592761887027486,2.082901073173812,0.09153074892356722,1.0
405,-0.7307971361589287,-0.7092597393745697,-0.4102546183705214,-0.541430994232263,-1.0848048429696764,0.8643447569375147,0.6156011985180244,0.0
406,-0.4989074630448795,-1.0100725476914691,-0.24055316797466442,-0.7923189838970457,-1.200716277246585,-0.9722601802744482,-0.9218423090143211,0.0
407,-0.0018095706317226151,-0.3350226540601874,-0.11568028226654908,-0.2844559035980241,-0.9729437583582885,0.19466021714672022,0.244975819938465,0.0
408,0.6414001779325413,-0.2485171904518727,-0.11360005377567567,1.0316117020225684,1.0492482295026258,0.46165909804386185,1.666194994337746,0.0
409,0.611579716555627,0.17536857156917118,2.0521371774923685,1.4323632905380066,0.8117724999653373,0.3769961445389964,0.6122206556032015,0.0
410,-1.3495244851154666,-1.1660065563405075,-1.0745693951805624,-0.9617659597401708,-0.9897496797987635,-1.6239297139455757,-1.3235444433159842,0.0
411,0.7347722023479534,0.8337755838277165,0.752159161872079,0.9370033100016787,1.440601420997465,-0.34739491644221193,-0.1452430762257418,0.0
412,-0.6860662776900943,-0.8194160959204383,-0.6119558737756969,-0.6701576901976258,-0.5774666501315218,-1.6414061749808369,-1.3503889930820172,0.0
413,-1.0000970018827915,-0.605711562150535,-1.3158648490903662,-1.033765415867387,-1.0986192397221193,-0.5806238939957091,-0.3787020831811259,0.0
414,0.3207714601420356,-0.01349180226957114,0.7296423624678179,0.041699075893624704,-0.018217264795951427,1.0905763995209097,1.26172676837121,0.0
415,-1.5634423803048803,-1.3519691643521532,-1.3390612531733752,-1.2350602315043666,-1.3735007395220569,-0.3997055231743308,-0.43809671847218884,0.0
416,-0.24000374349639136,-0.656621240648417,0.8232730845703098,-0.06209496025864633,0.5429409384050374,-0.8974501888361814,-0.6733771094674318,0.0
417,0.10247451434195581,-0.17787666556928206,1.2731088636643124,0.1474011263935666,-0.16866036232054027,0.06937283884282555,0.12763468842907472,0.0
418,0.732666835419215,-0.014324691107965082,0.5511606446033168,-0.010063439413970254,0.7749543421208638,0.9035886344050272,1.3246737657958452,0.0
419,-0.6792748415580447,-0.8490182830948101,-0.496063689571179,-0.7945298964884842,-0.9612854665934135,0.46225509022712463,0.49494857701771866,0.0
420,-0.5056002658584334,-0.6964966535124237,0.4529278498213882,-0.07587110678806919,-0.10055220218962135,-0.8909663338192833,-0.8703541880192247,0.0
421,1.1204938481146725,0.06277538595607388,0.05282268809196594,-0.15432809822434204,0.1976916288943592,1.7945885585693229,1.6234079956381149,1.0
422,-1.089722337341975,-1.2175806779718896,-0.4809185187319681,-0.9366747205772277,-0.5145390132823383,-0.5477007070219515,-0.413822341150251,0.0
423,-0.37511911787541463,-0.5602684540964968,-0.3061456634255659,-0.6553209539079576,-1.0288391774665846,0.6008163921717913,0.8941144712877129,0.0
424,0.7087686889228227,0.8978045491847841,-0.01379687559922528,0.09988731414152636,0.8906877350145174,0.472579214738579,0.3008262503802193,0.0
425,-0.26257413156383286,-0.14298081178618605,-0.3523961867106553,-0.3745864732612206,-0.39727527338118407,0.6509570432552229,0.4365694395818091,0.0
426,0.8166346316440645,0.9998350810085711,1.1293732096195626,1.1521542887340703,0.957558996936029,1.314686753869332,1.1141520097518867,0.0
427,0.7166396887505777,0.6904223291198269,1.9708445645324248,2.1836152478298922,1.7396583707218232,0.014841481103463783,0.253041177669614,0.0
428,-0.24858908182131917,-0.17878861820386677,0.274636715602457,-0.03336395733751463,-0.6224456169315309,0.9820811649721205,0.9717892445846945,0.0
429,1.8382854114931657,0.008451011864560223,0.16603680444213806,-0.10001714198028189,1.7127768631408216,0.11053788827247374,0.018334242708279224,1.0
430,-0.005167320595022409,-0.09233346159536393,-0.48563581537756695,-0.4009964583204861,0.23052206869163117,-0.6449801302442408,-0.42448509013416647,0.0
431,0.011308461260721964,-0.23304241810274914,0.36516790583508324,-0.2795650932858432,-0.27287523759844834,1.8062141608729898,1.971081215508013,1.0
432,-0.841769592993566,-1.1733741203634325,-0.7476918333483875,-1.1905697330240952,-1.3381372105680192,-0.4121294172588226,-0.01150634618068011,0.0
433,-0.3344967175134701,0.1852478754081523,-0.7142420841394103,-0.33365218183199247,-0.7538285701601614,0.07845728661437468,1.447806125731785,0.0
434,1.1053611439183093,2.035428378166244,0.6002065270682757,1.5887178066716494,1.383452017899918,0.0708027441448078,-0.0212291640417962,1.0
435,-1.364129515006625,-0.991714330805041,-1.3427040913710324,-1.1449471844953547,-1.3354166586315381,-0.35753716101964145,-0.5355440173493988,0.0
436,-1.2325250789022844,-1.089830665264888,-1.1064940180013714,-1.1062571306697428,-1.2009457637246135,0.214167556249405,0.22873444305097418,0.0
437,0.13139101012345783,0.8530418071311325,-0.1748420489265088,0.4087478873333414,-0.17254253830199806,1.336792532507058,0.9774532842133179,0.0
438,1.0487149502234585,0.9033735044267688,1.4392374869282063,0.8227596477801272,1.5762695416305086,0.07693313349023964,0.3199131509704655,0.0
439,0.06067666710634162,-0.605260314860758,-0.002298062833390291,-0.6195613128306483,-0.48612035130484466,-0.2395087039975316,0.016428113367601693,0.0
440,1.0447956320006369,0.024355505733425334,1.2127087875971787,1.8417712158553325,1.3402629462873337,0.05503561831927761,-0.07624957003084427,1.0
441,1.9173300187017994,-0.05535865330453328,2.0832874156987775,0.06615711863540263,2.083127027704529,0.10309565460322839,-0.006847426694634187,1.0
442,0.16450312225224847,1.0107036056173633,-0.002328353909886949,0.46383508200745144,1.1384656382685117,1.1562132398051763,1.0578612908510963,0.0
443,0.882144953841033,1.2602755394890937,0.9395303237187944,1.4631594319067358,0.26645840918118524,0.6989189531240017,0.8041743414070138,1.0
444,-0.18703028589946968,0.009463406029537297,-0.11269111071212234,0.1466247729330868,0.9006511522776921,-0.10309152220471968,-0.3879745471071456,0.0
445,-0.08846422044601324,0.5766840265477008,0.00928978554142796,0.7736248007831623,-0.10778097373296383,-1.5566614377196084,-1.3573828515473192,0.0
446,0.07792268743876007,1.1664706540633472,0.5082423838712757,1.215143673429645,-0.009615997667545617,-1.2715074185644462,-1.2099753115656426,0.0
447,-0.12941610507138807,-0.41542048492255246,1.153754661096652,0.6630949863521048,0.9693928760440376,-0.20095814694914277,-0.39609940618283845,0.0
448,-0.02748026965012612,0.3747417161803455,-0.5618481567657456,-0.3367297071401564,0.5758731774793103,-0.9879285324511514,-1.1218883035444547,0.0
449,0.6497305966141886,0.5141754353834594,0.05087260563380025,0.0185802886481828,-0.43578122764676763,1.7183883583969572,1.2437243886349703,0.0
450,1.4821858934737153,1.6570011318140077,0.16204019208551126,0.027704401235782883,0.23192938580897304,1.3623419734569262,1.2853615455297973,1.0
451,0.04290652353128507,-0.3243608182372568,0.45534206566195135,0.19585543813867445,0.3193137645075769,-0.5137714522488759,-0.7228327515637926,0.0
452,-0.40771874850239975,-0.38405555485100834,-0.6980264174350165,-0.5996153350066475,-1.1096690043502542,1.0392259313855692,0.6700311952290254,0.0
453,1.4700688445266654,1.5451222714091506,1.6174606127432078,1.5375463637011875,1.300896717680889,0.46335121572424826,1.0338618454855426,1.0
454,0.058375395684710785,0.5814864769164121,0.3745489219412874,0.7109430410787275,0.07473694922683705,1.2044878209652545,1.3840386735885812,0.0
455,0.4145349336461345,0.5403659661407866,0.6375766682739719,0.5543554438947565,0.020796997708278697,1.350605102857952,1.6096597612665924,1.0
456,-0.28357019251864557,-0.38957350057317913,-0.36363201013074686,-0.3545522049111123,-0.05231060327040293,-0.9199031168261904,-1.016821560111556,0.0
457,1.0992255540906053,-0.02459274358206265,1.56271388955139,2.5994312979441734,1.3497135832649692,0.05043472979917285,-0.040558739447322675,1.0
458,0.9896556138696372,-0.06377739596818824,1.429065648296621,1.676997859366693,1.232086098232991,0.07511414486119353,-0.004426660948898306,1.0
459,0.4219726213229156,0.8195686956325516,-0.3538760097888674,-0.02776678000220789,1.9927778909687481,0.1830839089727039,0.46456183385673083,0.0
460,-0.2028166552677707,-0.10592697132779366,-0.46441346770686076,-0.4495228404866928,0.95310784401286,0.12903496625568386,0.2462693476586442,0.0
461,-0.4079275168168452,-0.5007022650507206,-0.674747843148154,-0.5035175168726266,0.6962865480930804,-1.6267033406599238,-1.3858677365318595,0.0
462,-1.2815465876866188,-1.1691205304250196,-1.2347544012143092,-1.169293882078545,-1.2143743519720025,-0.8669053154310602,-0.9714662284224491,0.0
463,0.8468662168329706,0.3606631285075709,0.12386692997758988,-0.0005545854178619081,1.006419346905064,0.8664243762550676,0.7862056309962966,0.0
464,-0.6386354050350989,-0.5102053546076013,-0.7998244683425119,-0.7729799050821395,-0.15391577578967336,-1.522840236603111,-1.204740647268168,0.0
465,-0.2836703410080187,-0.6323510948372638,-0.18461406051330675,-0.5476823749021815,-0.22397330843693594,-1.6162648188850668,-1.3791914043444917,0.0
466,0.999085460850206,0.021733384246051007,0.6257301889301061,-0.2123578315054266,0.8779685093663753,0.5470872353125468,0.7518133700476076,0.0
467,0.03093729967823719,-0.35582815070539203,-0.19782846669589396,-0.607773079850668,-0.6643593654230165,-0.278373840729376,-0.2798247439640986,0.0
468,0.10793891884424289,1.5777292896545014,-0.2757120006231108,1.1004453956966893,0.4293242833217755,0.805357056146805,0.3649882760614859,0.0
469,-0.5046520089450817,-0.34144219731510556,-0.4247483954618402,-0.562358065288029,0.02530790254622095,-0.43826128282379095,-0.4012521496859318,0.0
470,0.045456000436167224,0.5006377581510295,-0.5485464544329461,-0.1225500607109001,0.3511481232043825,-0.6410639851545247,-0.29080271209391106,0.0
471,-0.1896225065563626,-0.632351472879246,0.6875035641101275,-0.32595922637916025,0.34272249193580134,-0.7241201209150329,-0.41665713101527213,0.0
472,-0.2697611506059714,-0.6768573391484323,-0.6326464724277467,-0.9913561984945782,-0.522387329036297,0.5078172185670754,0.716634431654002,0.0
473,0.915657610689071,0.025618915809285464,0.8617593615498643,1.913914048106193,1.206529271291174,0.006734552989465625,-0.07708080953196993,1.0
474,0.08656452004315646,-0.20944099949335443,0.18361128558496095,-0.02128914035824292,0.3576926593058605,-0.8346684484566675,-0.9322824333848285,0.0
475,0.8400324821080088,1.2512686612876716,1.5101791750034501,1.924511636040708,0.879285196515708,0.9101386232922497,0.8034514262749246,1.0
476,0.6486747101749073,0.3870241502363123,-0.23553192882780716,-0.1750352309178933,1.8221472785122839,-0.49425239160155693,-0.44712344524444914,0.0
477,-1.4002992791025175,-1.3361119145247982,-1.294069572904475,-1.137796839559634,-0.9214085349626766,-0.22509944316267033,-1.8120942018983528,0.0
478,-0.6289115738073854,-0.8283836052700535,0.636842040344123,0.6451471533856998,0.626469719812568,-0.23921734343406398,-2.0284425012782537,0.0
479,-0.7338349546861127,-0.5070290567451646,-0.2858244964754067,0.2620549699442319,0.7565410986553719,-0.9446674644240846,-1.1633201546826422,0.0
480,0.6097997361852416,0.3356112375584158,1.3540823845307726,1.0269997021228692,0.9875648953358614,1.002678386863661,1.169788190641697,0.0
481,0.15684743596613804,-0.07092939321623137,-0.24904924468453274,-0.3131699461517041,-0.4243151348277139,1.1177797322504626,1.0988916625983283,0.0
482,-0.3528909180435311,-0.046251776801550404,-0.7304188123133664,-0.625532276579646,-0.6848092529560035,0.26105964071823184,0.10488209883764638,0.0
483,-0.7133733745438232,-0.6385119806826466,-0.6231273156428421,-0.7091825758080398,0.6242463484531523,1.0369198022501769,0.7900675450809233,0.0
484,-0.6184211875396112,-0.42400797410135077,-0.8556403908569359,-0.7775182810462172,-0.7292300127534541,0.6367795079031666,0.5577810589665757,0.0
485,-1.4137376921343208,-1.2937808428255104,-1.249323951615612,-1.1784401566115985,-1.1343785074934487,-1.4065267998681603,-1.3833517566800462,0.0
486,-0.36354742269249896,-0.4403940924877078,-0.2119266212069852,-0.31951677039861004,-0.15051441895959553,-1.3086025386703741,-1.362484816076699,0.0
487,-1.249858934825886,-1.150351255065493,-0.9274700641003446,-0.8700629436825815,-1.1702364127581903,-1.774772314527667,-1.5653090805013017,0.0
488,-1.0743628689795015,-1.0056340471440093,-0.9586757656604625,-0.9358542811287173,-0.576882943422157,-0.9761675918429041,-0.5146687807012974,0.0
489,-1.5724701117901378,-1.4003332504416695,-1.3436147600669268,-1.2230482613677005,-1.2083641160717076,-1.0220863343307653,-1.078727850712191,0.0
490,-0.6975409091530704,-0.48711962468694237,-0.3634294122974001,-0.2316537354955478,-0.08735161734388686,-0.9766551482744182,-0.9778575417220436,0.0
491,-0.6227564806806334,-0.8450423687057347,-0.8248701495805203,-0.9012438135890692,-1.375823900972484,-0.038060201966380464,-0.23823985014612065,0.0
492,-1.2790596522406097,-0.9217951297065516,-0.8625651410357261,-0.48634715969701164,-0.8578811481363395,-1.725718540346926,-1.7285753159134811,0.0
493,-0.5254146799341953,-0.4365246527812155,0.42157105089449426,0.21433381397047702,-0.9611301502963605,0.109235555305049,-0.14494041359652174,0.0
494,-0.15106134556823958,-0.30574290795485803,0.026463735771754843,0.0301783958331735,-0.2942325302134364,-1.274493437056582,-1.3593469151862039,0.0
495,-1.3928769936960195,-0.980684805994001,-1.3834205637216248,-1.1682479138890123,-0.4605944913096469,-1.4275072981506003,-1.5582339949415769,0.0
496,-1.4394390780744308,-1.2949083568621746,-1.27477317870837,-1.1723578309630875,-1.0098056728604023,-1.5600472153226967,-1.3453346917443794,0.0
497,0.26496039312333086,0.13293754157616047,1.1338292174591602,1.0519102215936902,1.0749466643670313,0.9760470839914028,0.8165029861290126,0.0
498,0.05159359818610393,0.25176005489490805,1.0738923258222908,1.099095249803081,0.39817374298411734,-0.6106988970565872,-0.6125882828678033,0.0
499,0.26469936042739506,0.440758844798783,-0.29617645892996014,-0.1642517847736087,0.6875567389923585,0.7343441409315417,0.5901132025590725,0.0
500,-1.5974023535207245,-1.4062851271697951,-1.3821059488475662,-1.242466928914439,-1.4128178583291344,-0.9125901028942338,-1.0214225665330483,0.0
501,0.8550350080423709,0.7381415248408039,0.9294309006064768,0.7159416344504828,0.4986773817041634,1.7300121884583979,1.8631896783286623,1.0
502,-1.405082424115987,-1.263930162371258,-1.2680730046326292,-1.0831821637820704,-1.0917059515214027,-0.1922355965110067,-1.673776462414044,0.0
